date,BTC-USD,SPY
2022-01-01,47686.8125,
2022-01-02,47345.2188,
2022-01-03,46458.1172,448.373
2022-01-04,45897.5742,448.2229
2022-01-05,43569.0039,439.6161
2022-01-06,43160.9297,439.203
2022-01-07,41557.9023,437.4667
2022-01-08,41733.9414,
2022-01-09,41911.6016,
2022-01-10,41821.2617,436.9223
2022-01-11,42735.8555,440.9019
2022-01-12,43949.1016,442.0938
2022-01-13,42591.5703,436.0025
2022-01-14,43099.6992,436.1808
2022-01-15,43177.3984,
2022-01-16,43113.8789,
2022-01-17,42250.5508,
2022-01-18,42375.6328,428.4562
2022-01-19,41744.3281,424.0074
2022-01-20,40680.418,419.3144
2022-01-21,36457.3164,411.0829
2022-01-22,35030.25,
2022-01-23,36276.8047,
2022-01-24,36654.3281,412.8287
2022-01-25,36954.0039,407.7884
2022-01-26,36852.1211,406.7655
2022-01-27,37138.2344,404.7569
2022-01-28,37784.332,414.8091
2022-01-29,38138.1797,
2022-01-30,37917.6016,
2022-01-31,38483.125,422.2803
2022-02-01,38743.2734,425.1335
2022-02-02,36952.9844,429.2634
2022-02-03,37154.6016,419.1735
2022-02-04,41500.875,421.1446
2022-02-05,41441.1641,
2022-02-06,42412.4336,
2022-02-07,43840.2852,419.793
2022-02-08,44118.4453,423.247
2022-02-09,44338.7969,429.4418
2022-02-10,43565.1133,421.7265
2022-02-11,42407.9375,413.4106
2022-02-12,42244.4688,
2022-02-13,42197.5156,
2022-02-14,42586.918,412.0591
2022-02-15,44575.2031,418.7043
2022-02-16,43961.8594,419.1735
2022-02-17,40538.0117,410.2194
2022-02-18,40030.9766,407.5632
2022-02-19,40122.1562,
2022-02-20,38431.3789,
2022-02-21,37075.2812,
2022-02-22,38286.0273,403.1895
2022-02-23,37296.5703,396.0374
2022-02-24,38332.6094,401.9974
2022-02-25,39214.2188,410.8671
2022-02-26,39105.1484,
2022-02-27,37709.7852,
2022-02-28,43193.2344,409.8159
2022-03-01,44354.6367,403.5742
2022-03-02,43924.1172,410.9984
2022-03-03,42451.7891,408.9523
2022-03-04,39137.6055,405.6298
2022-03-05,39400.5859,
2022-03-06,38419.9844,
2022-03-07,38062.0391,393.6721
2022-03-08,38737.2695,390.6873
2022-03-09,41982.9258,401.1621
2022-03-10,39437.4609,399.3506
2022-03-11,38794.9727,394.2728
2022-03-12,38904.0117,
2022-03-13,37849.6641,
2022-03-14,39666.7539,391.3913
2022-03-15,39338.7852,399.9983
2022-03-16,41143.9297,408.8679
2022-03-17,40951.3789,413.9832
2022-03-18,41801.1562,418.5174
2022-03-19,42190.6523,
2022-03-20,41247.8242,
2022-03-21,41077.9961,418.3951
2022-03-22,42358.8086,423.2909
2022-03-23,42892.957,417.8395
2022-03-24,43960.9336,424.1382
2022-03-25,44348.7305,426.2095
2022-03-26,44500.8281,
2022-03-27,46820.4922,
2022-03-28,47128.0039,429.2411
2022-03-29,47465.7305,434.5513
2022-03-30,47062.6641,431.8681
2022-03-31,45538.6758,425.221
2022-04-01,46281.6445,426.4261
2022-04-02,45868.9492,
2022-04-03,46453.5664,
2022-04-04,46622.6758,430.0791
2022-04-05,45555.9922,424.6467
2022-04-06,43206.7383,420.4005
2022-04-07,43503.8477,422.5188
2022-04-08,42287.6641,421.3891
2022-04-09,42782.1367,
2022-04-10,42207.6719,
2022-04-11,39521.9023,414.1866
2022-04-12,40127.1836,412.6519
2022-04-13,41166.7305,417.3783
2022-04-14,39935.5156,412.1811
2022-04-15,40553.4648,
2022-04-16,40424.4844,
2022-04-17,39716.9531,
2022-04-18,40826.2148,412.3505
2022-04-19,41502.75,419.007
2022-04-20,41374.3789,418.6963
2022-04-21,40527.3633,412.4353
2022-04-22,39740.3203,401.1185
2022-04-23,39486.7305,
2022-04-24,39469.293,
2022-04-25,40458.3086,403.4439
2022-04-26,38117.4609,391.7599
2022-04-27,39241.1211,392.8615
2022-04-28,39773.8281,402.785
2022-04-29,38609.8242,387.8997
2022-04-30,37714.875,
2022-05-01,38469.0938,
2022-05-02,38529.3281,390.2347
2022-05-03,37750.4531,392.0235
2022-05-04,39698.3711,403.9618
2022-05-05,36575.1406,389.6038
2022-05-06,36040.9219,387.2784
2022-05-07,35501.9531,
2022-05-08,34059.2656,
2022-05-09,30296.9531,374.8787
2022-05-10,31022.9062,375.7449
2022-05-11,28936.3555,369.7758
2022-05-12,29047.752,369.3897
2022-05-13,29283.1035,378.2211
2022-05-14,30101.2656,
2022-05-15,31305.1133,
2022-05-16,29862.918,376.6864
2022-05-17,30425.8574,384.435
2022-05-18,28720.2715,368.9379
2022-05-19,30314.334,366.6782
2022-05-20,29200.7402,366.8383
2022-05-21,29432.2266,
2022-05-22,30323.7227,
2022-05-23,29098.9102,373.7019
2022-05-24,29655.5859,370.8491
2022-05-25,29562.3613,374.1255
2022-05-26,29267.2246,381.601
2022-05-27,28627.5742,390.9691
2022-05-28,28814.9004,
2022-05-29,29445.957,
2022-05-30,31726.3906,
2022-05-31,31792.3105,388.7753
2022-06-01,29799.0801,385.6307
2022-06-02,30467.4883,392.9745
2022-06-03,29704.3906,386.5252
2022-06-04,29832.9141,
2022-06-05,29906.6621,
2022-06-06,31370.6719,387.7021
2022-06-07,31155.4785,391.421
2022-06-08,30214.3555,387.1654
2022-06-09,30111.998,377.9575
2022-06-10,29083.8047,366.9984
2022-06-11,28360.8105,
2022-06-12,26762.6484,
2022-06-13,22487.3887,353.0641
2022-06-14,22206.793,352.0002
2022-06-15,22572.8398,357.0184
2022-06-16,20381.6504,345.2025
2022-06-17,20471.4824,345.9467
2022-06-18,19017.6426,
2022-06-19,20553.2715,
2022-06-20,20599.5371,
2022-06-21,20710.5977,354.6554
2022-06-22,19987.0293,354.0125
2022-06-23,21085.877,357.4827
2022-06-24,21231.6562,368.8484
2022-06-25,21502.3379,
2022-06-26,21027.2949,
2022-06-27,20735.4785,367.4395
2022-06-28,20280.6348,359.9316
2022-06-29,20104.0234,359.6385
2022-06-30,19784.7266,356.7167
2022-07-01,19269.3672,360.4896
2022-07-02,19242.2559,
2022-07-03,19297.0762,
2022-07-04,20231.2617,
2022-07-05,20190.1152,361.1704
2022-07-06,20548.2461,362.3902
2022-07-07,21637.5879,367.8177
2022-07-08,21731.1172,367.5152
2022-07-09,21592.207,
2022-07-10,20860.4492,
2022-07-11,19970.5566,363.3169
2022-07-12,19323.9141,360.1019
2022-07-13,20212.0742,358.2107
2022-07-14,20569.9199,357.3409
2022-07-15,20836.3281,364.1679
2022-07-16,21190.3164,
2022-07-17,20779.3438,
2022-07-18,22485.6895,361.1609
2022-07-19,23389.4336,370.9193
2022-07-20,23231.7324,373.2831
2022-07-21,23164.6289,377.0844
2022-07-22,22714.9785,373.5857
2022-07-23,22465.4785,
2022-07-24,22609.1641,
2022-07-25,21361.7012,374.0396
2022-07-26,21239.7539,369.6143
2022-07-27,22930.5488,379.2119
2022-07-28,23843.8867,383.9682
2022-07-29,23804.6328,389.5659
2022-07-30,23656.207,
2022-07-31,23336.8965,
2022-08-01,23314.1992,388.4124
2022-08-02,22978.1172,385.8498
2022-08-03,22846.5078,391.892
2022-08-04,22630.957,391.6272
2022-08-05,23289.3145,390.9653
2022-08-06,22961.2793,
2022-08-07,23175.8906,
2022-08-08,23809.4863,390.5115
2022-08-09,23164.3184,388.9607
2022-08-10,23947.6426,397.1304
2022-08-11,23957.5293,397.1304
2022-08-12,24402.8184,403.8535
2022-08-13,24424.0684,
2022-08-14,24319.334,
2022-08-15,24136.9727,405.5176
2022-08-16,23883.291,406.3119
2022-08-17,23335.998,403.4279
2022-08-18,23212.7383,404.6005
2022-08-19,20877.5527,399.1635
2022-08-20,21166.0605,
2022-08-21,21534.1211,
2022-08-22,21398.9082,390.8519
2022-08-23,21528.0879,389.9062
2022-08-24,21395.0195,391.1544
2022-08-25,21600.9043,396.6766
2022-08-26,20260.0195,383.2495
2022-08-27,20041.7383,
2022-08-28,19616.8145,
2022-08-29,20297.9941,380.7154
2022-08-30,19796.8086,376.5359
2022-08-31,20049.7637,373.6709
2022-09-01,20127.1406,374.8434
2022-09-02,19969.7715,370.8908
2022-09-03,19832.0879,
2022-09-04,19986.7129,
2022-09-05,19812.3711,
2022-09-06,18837.668,369.4914
2022-09-07,19290.3242,376.1293
2022-09-08,19329.834,378.5878
2022-09-09,21381.1523,384.4693
2022-09-10,21680.5391,
2022-09-11,21769.2559,
2022-09-12,22370.4492,388.6014
2022-09-13,20296.707,371.7041
2022-09-14,20241.0898,373.1224
2022-09-15,19701.2109,368.8862
2022-09-16,19772.584,366.072
2022-09-17,20127.5762,
2022-09-18,19419.5059,
2022-09-19,19544.1289,368.9109
2022-09-20,18890.7891,364.6763
2022-09-21,18547.4004,358.315
2022-09-22,19413.5508,355.3052
2022-09-23,19297.6387,349.3521
2022-09-24,18937.0117,
2022-09-25,18802.0977,
2022-09-26,19222.6719,345.8961
2022-09-27,19110.5469,345.0131
2022-09-28,19426.7207,351.8017
2022-09-29,19573.0508,344.453
2022-09-30,19431.7891,339.1265
2022-10-01,19312.0957,
2022-10-02,19044.1074,
2022-10-03,19623.5801,348.0798
2022-10-04,20336.8438,358.8657
2022-10-05,20160.7168,358.0302
2022-10-06,19955.4434,354.3368
2022-10-07,19546.8496,344.453
2022-10-08,19416.5684,
2022-10-09,19446.4258,
2022-10-10,19141.4844,341.8229
2022-10-11,19051.418,339.6582
2022-10-12,19157.4453,338.5378
2022-10-13,19382.9043,347.4722
2022-10-14,19185.6562,339.5538
2022-10-15,19067.6348,
2022-10-16,19268.0938,
2022-10-17,19550.7578,348.2793
2022-10-18,19334.416,352.3715
2022-10-19,19139.5352,349.8744
2022-10-20,19053.7402,346.9406
2022-10-21,19172.4688,355.3717
2022-10-22,19208.1895,
2022-10-23,19567.0078,
2022-10-24,19345.5723,359.7202
2022-10-25,20095.8574,365.4644
2022-10-26,20770.4414,362.711
2022-10-27,20285.8359,360.774
2022-10-28,20595.3516,369.3571
2022-10-29,20818.4766,
2022-10-30,20635.6035,
2022-10-31,20495.7734,366.6892
2022-11-01,20485.2734,365.0846
2022-11-02,20159.5039,355.9224
2022-11-03,20209.9883,352.2575
2022-11-04,21147.2305,357.3276
2022-11-05,21282.6914,
2022-11-06,20926.4863,
2022-11-07,20602.8164,360.7456
2022-11-08,18541.2715,362.692
2022-11-09,15880.7803,355.2198
2022-11-10,17586.7715,374.7406
2022-11-11,17034.293,378.3675
2022-11-12,16799.1855,
2022-11-13,16353.3652,
2022-11-14,16618.1992,375.1488
2022-11-15,16884.6133,378.3485
2022-11-16,16669.4395,375.4622
2022-11-17,16687.5176,374.3133
2022-11-18,16697.7773,376.0129
2022-11-19,16711.5469,
2022-11-20,16291.832,
2022-11-21,15787.2842,374.6457
2022-11-22,16189.7695,379.6873
2022-11-23,16610.707,382.0799
2022-11-24,16604.4648,
2022-11-25,16521.8418,381.9944
2022-11-26,16464.2812,
2022-11-27,16444.627,
2022-11-28,16217.3223,375.8989
2022-11-29,16444.9824,375.2533
2022-11-30,17168.5664,387.074
2022-12-01,16967.1328,386.7891
2022-12-02,17088.6602,386.343
2022-12-03,16908.2363,
2022-12-04,17130.4863,
2022-12-05,16974.8262,379.3929
2022-12-06,17089.5039,373.924
2022-12-07,16848.127,373.2879
2022-12-08,17233.4746,376.2122
2022-12-09,17133.1523,373.4019
2022-12-10,17128.7246,
2022-12-11,17104.1934,
2022-12-12,17206.4375,378.7853
2022-12-13,17781.3184,381.6526
2022-12-14,17815.6504,379.2125
2022-12-15,17364.8652,369.9364
2022-12-16,16647.4844,365.5688
2022-12-17,16795.0918,
2022-12-18,16757.9766,
2022-12-19,16439.6797,362.4689
2022-12-20,16906.3047,362.965
2022-12-21,16817.5352,368.3921
2022-12-22,16830.3418,363.1366
2022-12-23,16796.9531,365.2255
2022-12-24,16847.7559,
2022-12-25,16841.9863,
2022-12-26,16919.8047,
2022-12-27,16717.1738,363.7852
2022-12-28,16552.5723,359.2641
2022-12-29,16642.3418,365.7309
2022-12-30,16602.5859,364.7676
2022-12-31,16547.4961,
2023-01-01,16625.0801,
2023-01-02,16688.4707,
2023-01-03,16679.8574,363.232
2023-01-04,16863.2383,366.0362
2023-01-05,16836.7363,361.8585
2023-01-06,16951.9688,370.1566
2023-01-07,16955.0781,
2023-01-08,17091.1445,
2023-01-09,17196.5547,369.9469
2023-01-10,17446.293,372.5412
2023-01-11,17934.8965,377.2531
2023-01-12,18869.5879,378.6265
2023-01-13,19909.5742,380.0955
2023-01-14,20976.2988,
2023-01-15,20880.7988,
2023-01-16,21169.6328,
2023-01-17,21161.5195,379.3992
2023-01-18,20688.7812,373.4091
2023-01-19,21086.793,370.6907
2023-01-20,22676.5527,377.5964
2023-01-21,22777.625,
2023-01-22,22720.416,
2023-01-23,22934.4316,382.127
2023-01-24,22636.4688,381.7169
2023-01-25,23117.8594,381.86
2023-01-26,23032.7773,386.0569
2023-01-27,23078.7285,386.9439
2023-01-28,23031.0898,
2023-01-29,23774.5664,
2023-01-30,22840.1387,382.0889
2023-01-31,23139.2832,387.7069
2023-02-01,23723.7695,391.8274
2023-02-02,23471.8711,397.5312
2023-02-03,23449.3223,393.3058
2023-02-04,23331.8477,
2023-02-05,22955.666,
2023-02-06,22760.1094,390.9022
2023-02-07,23264.291,396.0146
2023-02-08,22939.3984,391.6843
2023-02-09,21819.0391,388.2887
2023-02-10,21651.1836,389.1948
2023-02-11,21870.875,
2023-02-12,21788.2031,
2023-02-13,21808.1016,393.7636
2023-02-14,22220.8047,393.5824
2023-02-15,24307.8418,394.8605
2023-02-16,23623.4746,389.4238
2023-02-17,24565.6016,388.4508
2023-02-18,24641.2773,
2023-02-19,24327.6426,
2023-02-20,24829.1484,
2023-02-21,24436.3535,380.6581
2023-02-22,24188.8438,380.1336
2023-02-23,23947.4922,382.1556
2023-02-24,23198.127,378.0734
2023-02-25,23175.375,
2023-02-26,23561.2129,
2023-02-27,23522.8711,379.361
2023-02-28,23147.3535,377.9589
2023-03-01,23646.5508,376.509
2023-03-02,23475.4668,379.4373
2023-03-03,22362.6797,385.5226
2023-03-04,22353.3496,
2023-03-05,22435.5137,
2023-03-06,22429.7578,385.7897
2023-03-07,22219.7695,379.8761
2023-03-08,21718.0801,380.496
2023-03-09,20363.0215,373.476
2023-03-10,20187.2441,368.0869
2023-03-11,20632.4102,
2023-03-12,22163.9492,
2023-03-13,24197.5332,367.5623
2023-03-14,24746.0742,373.6381
2023-03-15,24375.9609,371.3013
2023-03-16,25052.7891,377.8157
2023-03-17,27423.9297,373.3981
2023-03-18,26965.8789,
2023-03-19,28038.6758,
2023-03-20,27767.2363,376.9886
2023-03-21,28175.8164,381.9387
2023-03-22,27307.4375,375.4279
2023-03-23,28333.9727,376.4429
2023-03-24,27493.2852,378.9131
2023-03-25,27494.707,
2023-03-26,27994.3301,
2023-03-27,27139.8887,379.6216
2023-03-28,27268.1309,378.7694
2023-03-29,28348.4414,384.2748
2023-03-30,28033.5625,386.5249
2023-03-31,28478.4844,391.9728
2023-04-01,28411.0352,
2023-04-02,28199.3086,
2023-04-03,27790.2207,393.4664
2023-04-04,28168.0898,391.2835
2023-04-05,28177.9844,390.2589
2023-04-06,28044.1406,391.7813
2023-04-07,27925.8594,
2023-04-08,27947.7949,
2023-04-09,28333.0508,
2023-04-10,29652.9805,392.1834
2023-04-11,30235.0586,392.2887
2023-04-12,30139.0527,390.6898
2023-04-13,30399.0664,395.8792
2023-04-14,30485.6992,394.9122
2023-04-15,30318.4961,
2023-04-16,30315.3555,
2023-04-17,29445.0449,396.3292
2023-04-18,30397.5527,396.5877
2023-04-19,28822.6797,396.5208
2023-04-20,28245.9883,394.3569
2023-04-21,27276.9102,394.6632
2023-04-22,27817.5,
2023-04-23,27591.3848,
2023-04-24,27525.3398,395.0749
2023-04-25,28307.5977,388.8036
2023-04-26,28422.7012,387.1568
2023-04-27,29473.7871,394.8643
2023-04-28,29340.2617,398.2345
2023-04-29,29248.4883,
2023-04-30,29268.8066,
2023-05-01,28091.5684,397.8324
2023-05-02,28680.5371,393.3611
2023-05-03,29006.3086,390.661
2023-05-04,28847.7109,387.894
2023-05-05,29534.3848,395.0749
2023-05-06,28904.623,
2023-05-07,28454.9785,
2023-05-08,27694.2734,395.1802
2023-05-09,27658.7754,393.4472
2023-05-10,27621.7559,395.2856
2023-05-11,27000.7891,394.5963
2023-05-12,26804.9902,394.0792
2023-05-13,26784.0781,
2023-05-14,26930.6387,
2023-05-15,27192.6934,395.4388
2023-05-16,27036.6504,392.7963
2023-05-17,27398.8027,397.5643
2023-05-18,26832.209,401.3941
2023-05-19,26890.1289,400.8101
2023-05-20,27129.5859,
2023-05-21,26753.8262,
2023-05-22,26851.2773,400.9729
2023-05-23,27225.7266,396.4728
2023-05-24,26334.8184,393.6005
2023-05-25,26476.207,397.009
2023-05-26,26719.291,402.1505
2023-05-27,26868.3535,
2023-05-28,28085.6465,
2023-05-29,27745.8848,
2023-05-30,27702.3496,402.3037
2023-05-31,27219.6582,400.0728
2023-06-01,26819.9727,403.874
2023-06-02,27249.5898,409.7145
2023-06-03,27075.1289,
2023-06-04,27119.0664,
2023-06-05,25760.0977,408.9293
2023-06-06,27238.7832,409.8197
2023-06-07,26345.998,408.4026
2023-06-08,26508.2168,410.8729
2023-06-09,26480.375,411.6101
2023-06-10,25851.2402,
2023-06-11,25940.168,
2023-06-12,25902.5,415.3443
2023-06-13,25918.7285,418.0826
2023-06-14,25124.6758,418.5804
2023-06-15,25576.3945,423.7699
2023-06-16,26327.4629,422.3264
2023-06-17,26510.6758,
2023-06-18,26336.2129,
2023-06-19,26851.0293,
2023-06-20,28327.4883,420.1353
2023-06-21,30027.2969,417.9826
2023-06-22,29912.2812,419.4915
2023-06-23,30695.4688,416.3201
2023-06-24,30548.6953,
2023-06-25,30480.2617,
2023-06-26,30271.1309,414.6191
2023-06-27,30688.1641,419.1647
2023-06-28,30086.2461,419.3761
2023-06-29,30445.3516,421.0291
2023-06-30,30477.252,425.9975
2023-07-01,30590.0781,
2023-07-02,30620.7695,
2023-07-03,31156.4395,426.4876
2023-07-04,30777.582,
2023-07-05,30514.166,425.8533
2023-07-06,29909.3379,422.5186
2023-07-07,30342.2656,421.4519
2023-07-08,30292.541,
2023-07-09,30171.2344,
2023-07-10,30414.4707,422.5186
2023-07-11,30620.9512,425.2094
2023-07-12,30391.6465,428.6307
2023-07-13,31476.0488,432.0327
2023-07-14,30334.0684,431.7635
2023-07-15,30295.8066,
2023-07-16,30249.1328,
2023-07-17,30145.8887,433.2627
2023-07-18,29856.5625,436.4821
2023-07-19,29913.9238,437.4528
2023-07-20,29792.0156,434.5505
2023-07-21,29908.7441,434.5505
2023-07-22,29771.8027,
2023-07-23,30084.5391,
2023-07-24,29176.916,436.4918
2023-07-25,29227.3906,437.6834
2023-07-26,29354.9727,437.7507
2023-07-27,29210.6895,434.8484
2023-07-28,29319.2461,439.1057
2023-07-29,29356.918,
2023-07-30,29275.3086,
2023-07-31,29230.1113,439.9418
2023-08-01,29675.7324,438.6829
2023-08-02,29151.959,432.5805
2023-08-03,29178.6797,431.3408
2023-08-04,29074.0918,429.3899
2023-08-05,29042.127,
2023-08-06,29041.8555,
2023-08-07,29180.5781,433.1378
2023-08-08,29765.4922,431.2542
2023-08-09,29561.4941,428.3712
2023-08-10,29429.5918,428.525
2023-08-11,29397.7148,428.2751
2023-08-12,29415.9648,
2023-08-13,29282.9141,
2023-08-14,29408.4434,430.6392
2023-08-15,29170.3477,425.6228
2023-08-16,28701.7793,422.4994
2023-08-17,26664.5508,419.2801
2023-08-18,26049.5566,419.4819
2023-08-19,26096.2051,
2023-08-20,26189.584,
2023-08-21,26124.1406,422.2111
2023-08-22,26031.6562,421.0675
2023-08-23,26431.6406,425.7572
2023-08-24,26162.373,419.8566
2023-08-25,26047.668,422.8165
2023-08-26,26008.4629,
2023-08-27,26089.6934,
2023-08-28,26106.1504,425.4977
2023-08-29,27727.3926,431.6483
2023-08-30,27297.2656,433.4261
2023-08-31,25931.4727,432.7919
2023-09-01,25800.7246,433.5991
2023-09-02,25868.7988,
2023-09-03,25969.5664,
2023-09-04,25812.416,
2023-09-05,25779.9824,431.7252
2023-09-06,25753.2363,428.8229
2023-09-07,26240.1953,427.5063
2023-09-08,25905.6543,428.1501
2023-09-09,25895.6777,
2023-09-10,25832.2266,
2023-09-11,25162.6543,430.9659
2023-09-12,25833.3438,428.6019
2023-09-13,26228.3242,429.1016
2023-09-14,26539.6738,432.8015
2023-09-15,26608.6934,427.5869
2023-09-16,26568.2812,
2023-09-17,26534.1875,
2023-09-18,26754.2812,427.8377
2023-09-19,27211.1172,426.9504
2023-09-20,27132.0078,423.0253
2023-09-21,26567.6328,416.0334
2023-09-22,26579.5684,415.0979
2023-09-23,26579.3906,
2023-09-24,26256.8262,
2023-09-25,26298.4805,416.8435
2023-09-26,26217.25,410.7196
2023-09-27,26352.7168,410.8835
2023-09-28,27021.5469,413.2656
2023-09-29,26911.7207,412.2626
2023-09-30,26967.916,
2023-10-01,27983.75,
2023-10-02,27530.7852,412.0986
2023-10-03,27429.9785,406.5823
2023-10-04,27799.3945,409.543
2023-10-05,27415.9121,409.3886
2023-10-06,27946.5977,414.2492
2023-10-07,27968.8398,
2023-10-08,27935.0898,
2023-10-09,27583.6777,416.9013
2023-10-10,27391.0195,419.0713
2023-10-11,26873.3203,420.7879
2023-10-12,26756.7988,418.2226
2023-10-13,26862.375,416.1394
2023-10-14,26861.707,
2023-10-15,27159.6523,
2023-10-16,28519.4668,420.5179
2023-10-17,28415.748,420.4986
2023-10-18,28328.3418,414.8953
2023-10-19,28719.8066,411.2499
2023-10-20,29682.9492,406.1965
2023-10-21,29918.4121,
2023-10-22,29993.8965,
2023-10-23,33086.2344,405.4926
2023-10-24,33901.5273,408.5496
2023-10-25,34502.8203,402.6861
2023-10-26,34156.6484,397.864
2023-10-27,33909.8008,396.0607
2023-10-28,34089.5742,
2023-10-29,34538.4805,
2023-10-30,34502.3633,400.7959
2023-10-31,34667.7812,403.313
2023-11-01,35437.2539,407.6142
2023-11-02,34938.2422,415.4258
2023-11-03,34732.3242,419.2159
2023-11-04,35082.1953,
2023-11-05,35049.3555,
2023-11-06,35037.3711,420.1804
2023-11-07,35443.5625,421.3761
2023-11-08,35655.2773,421.6848
2023-11-09,36693.125,418.3962
2023-11-10,37313.9688,424.9251
2023-11-11,37138.0508,
2023-11-12,37054.5195,
2023-11-13,36502.3555,424.5201
2023-11-14,35537.6406,432.7562
2023-11-15,37880.582,433.6723
2023-11-16,36154.7695,434.2027
2023-11-17,36596.6836,434.7428
2023-11-18,36585.7031,
2023-11-19,37386.5469,
2023-11-20,37476.957,438.0893
2023-11-21,35813.8125,437.1345
2023-11-22,37432.3398,438.8222
2023-11-23,37289.6211,
2023-11-24,37720.2812,439.0923
2023-11-25,37796.793,
2023-11-26,37479.1211,
2023-11-27,37254.168,438.3014
2023-11-28,37831.0859,438.7354
2023-11-29,37858.4922,438.4268
2023-11-30,37712.7461,440.153
2023-12-01,38688.75,442.757
2023-12-02,39476.332,
2023-12-03,39978.3906,
2023-12-04,41980.0977,440.4328
2023-12-05,44080.6484,440.3459
2023-12-06,43746.4453,438.5715
2023-12-07,43292.6641,441.918
2023-12-08,44166.6016,443.8179
2023-12-09,43725.9844,
2023-12-10,43779.6992,
2023-12-11,41243.832,445.5441
2023-12-12,41450.2227,447.579
2023-12-13,42890.7422,453.7512
2023-12-14,43023.9727,455.2074
2023-12-15,41929.7578,454.4579
2023-12-16,42240.1172,
2023-12-17,41364.6641,
2023-12-18,42623.5391,457.0143
2023-12-19,42270.5273,459.7933
2023-12-20,43652.25,453.4218
2023-12-21,43869.1523,457.7211
2023-12-22,43997.9023,458.641
2023-12-23,43739.543,
2023-12-24,43016.1172,
2023-12-25,43613.1406,
2023-12-26,42520.4023,460.5776
2023-12-27,43442.8555,461.4104
2023-12-28,42627.8555,461.5847
2023-12-29,42099.4023,460.2484
2023-12-30,42156.9023,
2023-12-31,42265.1875,
2024-01-01,44167.332,
2024-01-02,44957.9688,457.6727
2024-01-03,42848.1758,453.9351
2024-01-04,44179.9219,452.4729
2024-01-05,44162.6914,453.0926
2024-01-06,43989.1953,
2024-01-07,43943.0977,
2024-01-08,46970.5039,459.5609
2024-01-09,46139.7305,458.8637
2024-01-10,46627.7773,461.4589
2024-01-11,46368.5859,461.2555
2024-01-12,42853.168,461.575
2024-01-13,42842.3828,
2024-01-14,41796.2695,
2024-01-15,42511.9688,
2024-01-16,43154.9453,459.8805
2024-01-17,42742.6523,457.3241
2024-01-18,41262.0586,461.391
2024-01-19,41618.4062,467.1428
2024-01-20,41665.5859,
2024-01-21,41545.7852,
2024-01-22,39507.3672,468.1305
2024-01-23,39845.5508,469.4958
2024-01-24,40077.0742,470.009
2024-01-25,39933.8086,472.5654
2024-01-26,41816.8711,471.965
2024-01-27,42120.0547,
2024-01-28,42035.5938,
2024-01-29,43288.2461,475.7027
2024-01-30,42952.6094,475.3348
2024-01-31,42582.6055,467.5785
2024-02-01,43075.7734,473.6983
2024-02-02,43185.8594,478.6851
2024-02-03,42992.25,
2024-02-04,42583.582,
2024-02-05,42658.668,476.9421
2024-02-06,43084.6719,478.3268
2024-02-07,44318.2227,482.3163
2024-02-08,45301.5664,482.5293
2024-02-09,47147.1992,485.318
2024-02-10,47771.2773,
2024-02-11,48293.918,
2024-02-12,49958.2227,485.105
2024-02-13,49742.4414,478.4236
2024-02-14,51826.6953,482.7714
2024-02-15,51938.5547,486.1024
2024-02-16,52160.2031,483.6816
2024-02-17,51662.9961,
2024-02-18,52122.5469,
2024-02-19,51779.1445,
2024-02-20,52284.875,481.0188
2024-02-21,51839.1797,481.4544
2024-02-22,51304.9727,491.4184
2024-02-23,50731.9492,491.7574
2024-02-24,51571.1016,
2024-02-25,51733.2383,
2024-02-26,54522.4023,489.9562
2024-02-27,57085.3711,490.8664
2024-02-28,62504.7891,490.2177
2024-02-29,61198.3828,491.98
2024-03-01,62440.6328,496.5989
2024-03-02,62029.8477,
2024-03-03,63167.3711,
2024-03-04,68330.4141,496.0663
2024-03-05,63801.1992,491.1086
2024-03-06,66106.8047,493.5971
2024-03-07,66925.4844,498.4968
2024-03-08,68300.0938,495.5047
2024-03-09,68498.8828,
2024-03-10,69019.7891,
2024-03-11,72123.9062,495.0786
2024-03-12,71481.2891,500.4044
2024-03-13,73083.5,499.62
2024-03-14,71396.5938,498.6323
2024-03-15,69403.7734,495.2084
2024-03-16,65315.1172,
2024-03-17,68390.625,
2024-03-18,67548.5938,498.1516
2024-03-19,61912.7734,500.9198
2024-03-20,67913.6719,505.553
2024-03-21,65491.3906,507.2236
2024-03-22,63778.7617,506.2621
2024-03-23,64062.2031,
2024-03-24,67234.1719,
2024-03-25,69958.8125,504.8634
2024-03-26,69987.8359,503.9309
2024-03-27,69455.3438,508.1657
2024-03-28,70744.9531,508.0688
2024-03-29,69892.8281,
2024-03-30,69645.3047,
2024-03-31,71333.6484,
2024-04-01,69702.1484,507.1848
2024-04-02,65446.9727,503.96
2024-04-03,65980.8125,504.5137
2024-04-04,68508.8438,498.3555
2024-04-05,67837.6406,503.5618
2024-04-06,68896.1094,
2024-04-07,69362.5547,
2024-04-08,71631.3594,503.8434
2024-04-09,69139.0156,504.4263
2024-04-10,70587.8828,499.3754
2024-04-11,70060.6094,503.1441
2024-04-12,67195.8672,496.1992
2024-04-13,63821.4727,
2024-04-14,65738.7266,
2024-04-15,63426.2109,489.9828
2024-04-16,63811.8633,489.0891
2024-04-17,61276.6914,486.1945
2024-04-18,63512.7539,485.1941
2024-04-19,63843.5703,480.9592
2024-04-20,64994.4414,
2024-04-21,64926.6445,
2024-04-22,66837.6797,485.3884
2024-04-23,66407.2734,491.1483
2024-04-24,64276.8984,490.9152
2024-04-25,64481.707,489.0503
2024-04-26,63755.3203,493.6835
2024-04-27,63419.1406,
2024-04-28,63113.2305,
2024-04-29,63841.1211,495.4318
2024-04-30,60636.8555,487.5836
2024-05-01,58254.0117,486.0003
2024-05-02,59123.4336,490.5461
2024-05-03,62889.8359,496.6266
2024-05-04,63891.4727,
2024-05-05,64031.1328,
2024-05-06,63161.9492,501.7551
2024-05-07,62334.8164,502.3088
2024-05-08,61187.9414,502.3574
2024-05-09,63049.9609,505.2519
2024-05-10,60792.7773,505.9027
2024-05-11,60793.7109,
2024-05-12,61448.3945,
2024-05-13,62901.4492,505.9706
2024-05-14,61552.7891,508.2921
2024-05-15,66267.4922,514.5863
2024-05-16,65231.582,513.5276
2024-05-17,67051.875,514.2657
2024-05-18,66940.8047,
2024-05-19,66278.3672,
2024-05-20,71448.1953,514.8583
2024-05-21,70136.5312,516.121
2024-05-22,69122.3359,514.6348
2024-05-23,67929.5625,510.8758
2024-05-24,68526.1016,514.2559
2024-05-25,69265.9453,
2024-05-26,68518.0938,
2024-05-27,69394.5547,
2024-05-28,68296.2188,514.6154
2024-05-29,67578.0938,511.0117
2024-05-30,68364.9922,507.6219
2024-05-31,67491.4141,512.2454
2024-06-01,67706.9375,
2024-06-02,67751.6016,
2024-06-03,68804.7812,512.6631
2024-06-04,70567.7656,513.2361
2024-06-05,71082.8203,519.3359
2024-06-06,70757.1641,519.3264
2024-06-07,69342.5859,518.6949
2024-06-08,69305.7734,
2024-06-09,69647.9922,
2024-06-10,69512.2812,520.2977
2024-06-11,67332.0312,521.5507
2024-06-12,68241.1875,525.8342
2024-06-13,66756.3984,526.8929
2024-06-14,66011.0938,527.2134
2024-06-15,66191.0,
2024-06-16,66639.0469,
2024-06-17,66490.2969,531.4094
2024-06-18,65140.7461,532.7597
2024-06-19,64960.2969,
2024-06-20,64828.6562,531.3125
2024-06-21,64096.1992,530.6001
2024-06-22,64252.5781,
2024-06-23,63180.7969,
2024-06-24,60277.4141,528.8753
2024-06-25,61804.6406,530.9119
2024-06-26,60811.2773,531.5746
2024-06-27,61604.8008,532.4125
2024-06-28,60320.1367,530.3174
2024-06-29,60887.3789,
2024-06-30,62678.293,
2024-07-01,62851.9805,531.4089
2024-07-02,62029.0156,534.9851
2024-07-03,60173.9219,537.3726
2024-07-04,56977.7031,
2024-07-05,56662.375,540.4714
2024-07-06,58303.5391,
2024-07-07,55849.1094,
2024-07-08,56705.0977,541.0949
2024-07-09,58009.2266,541.6212
2024-07-10,57742.4961,546.9808
2024-07-11,57344.9141,542.2642
2024-07-12,57899.4648,545.6846
2024-07-13,59231.9531,
2024-07-14,60787.793,
2024-07-15,64870.1523,547.1853
2024-07-16,65097.1484,550.4303
2024-07-17,64118.793,542.7125
2024-07-18,63974.0664,538.5419
2024-07-19,66710.1562,534.9656
2024-07-20,67163.6484,
2024-07-21,68154.5234,
2024-07-22,67585.25,540.4811
2024-07-23,65927.6719,539.6333
2024-07-24,65372.1328,527.4039
2024-07-25,65777.2266,524.656
2024-07-26,67912.0625,530.5319
2024-07-27,67813.3359,
2024-07-28,68255.8672,
2024-07-29,66819.9141,530.8438
2024-07-30,66201.0156,528.1542
2024-07-31,64619.25,536.7392
2024-08-01,65357.5,529.1384
2024-08-02,61415.0664,519.2867
2024-08-03,60680.0938,
2024-08-04,58116.9766,
2024-08-05,53991.457,504.1632
2024-08-06,56034.3164,508.8113
2024-08-07,55027.4609,505.4104
2024-08-08,61710.1367,517.0941
2024-08-09,60880.1133,519.3743
2024-08-10,60945.8125,
2024-08-11,58719.4844,
2024-08-12,59354.5156,519.6473
2024-08-13,60609.5664,528.1931
2024-08-14,58737.2695,529.8596
2024-08-15,57560.0977,538.9414
2024-08-16,58894.1055,540.1497
2024-08-17,59478.9727,
2024-08-18,58483.9648,
2024-08-19,59493.4531,545.3144
2024-08-20,59012.793,544.4276
2024-08-21,61175.1914,546.2985
2024-08-22,60381.9141,542.0109
2024-08-23,64094.3555,547.77
2024-08-24,64178.9922,
2024-08-25,64333.543,
2024-08-26,62880.6602,546.4642
2024-08-27,59504.1328,547.2145
2024-08-28,59027.625,544.0378
2024-08-29,59388.1797,544.0864
2024-08-30,59119.4766,549.2805
2024-08-31,58969.8984,
2024-09-01,57325.4883,
2024-09-02,59112.4805,
2024-09-03,57431.0234,537.9767
2024-09-04,57971.5391,536.8756
2024-09-05,56160.4883,535.5698
2024-09-06,53948.7539,526.5561
2024-09-07,54139.6875,
2024-09-08,54841.5664,
2024-09-09,57019.5352,532.4515
2024-09-10,57648.7109,534.7708
2024-09-11,57343.1719,540.257
2024-09-12,58127.0117,544.8076
2024-09-13,60571.3008,547.653
2024-09-14,60005.1211,
2024-09-15,59182.8359,
2024-09-16,58192.5078,548.4618
2024-09-17,60308.5391,548.6859
2024-09-18,61649.6797,547.0586
2024-09-19,62940.457,556.394
2024-09-20,63192.9766,555.4321
2024-09-21,63394.8398,
2024-09-22,63648.7109,
2024-09-23,63329.8008,556.82
2024-09-24,64301.9688,558.4133
2024-09-25,63143.1445,557.1816
2024-09-26,65181.0195,559.3907
2024-09-27,65790.6641,558.5794
2024-09-28,65887.6484,
2024-09-29,65635.3047,
2024-09-30,63329.5,560.8177
2024-10-01,60837.0078,555.7938
2024-10-02,60632.7852,556.0283
2024-10-03,60759.4023,555.0119
2024-10-04,62067.4766,560.0553
2024-10-05,62089.9492,
2024-10-06,62818.9531,
2024-10-07,62236.6602,554.9923
2024-10-08,62131.9688,560.2411
2024-10-09,60582.1016,564.1216
2024-10-10,60274.5,563.1343
2024-10-11,62445.0898,566.5065
2024-10-12,63193.0234,
2024-10-13,62851.375,
2024-10-14,66046.125,571.1396
2024-10-15,67041.1094,566.702
2024-10-16,67612.7188,569.1652
2024-10-17,67399.8359,569.2141
2024-10-18,68418.7891,571.4036
2024-10-19,68362.7344,
2024-10-20,69001.7031,
2024-10-21,67367.8516,570.4651
2024-10-22,67361.4062,570.1622
2024-10-23,66432.1953,564.9523
2024-10-24,68161.0547,566.1742
2024-10-25,66642.4141,565.9786
2024-10-26,67014.6953,
2024-10-27,67929.2969,
2024-10-28,69907.7578,567.7284
2024-10-29,72720.4922,568.6472
2024-10-30,72339.5391,566.9269
2024-10-31,70215.1875,555.8133
2024-11-01,69482.4688,558.1592
2024-11-02,69289.2734,
2024-11-03,68741.1172,
2024-11-04,67811.5078,556.9568
2024-11-05,69359.5625,563.6914
2024-11-06,75639.0781,577.7079
2024-11-07,75904.8594,582.175
2024-11-08,76545.4766,584.6968
2024-11-09,76778.8672,
2024-11-10,80474.1875,
2024-11-11,88701.4844,585.254
2024-11-12,87955.8125,583.4358
2024-11-13,90584.1641,583.7192
2024-11-14,87250.4297,579.9659
2024-11-15,91066.0078,572.5374
2024-11-16,90558.4766,
2024-11-17,89845.8516,
2024-11-18,90542.6406,574.8832
2024-11-19,92343.7891,576.9847
2024-11-20,94339.4922,577.1802
2024-11-21,98504.7266,580.2786
2024-11-22,98997.6641,582.0772
2024-11-23,97777.2812,
2024-11-24,98013.8203,
2024-11-25,93102.2969,584.0517
2024-11-26,91985.3203,587.1013
2024-11-27,95962.5312,585.3223
2024-11-28,95652.4688,
2024-11-29,97461.5234,588.9584
2024-11-30,96449.0547,
2024-12-01,97279.7891,
2024-12-02,95865.3047,590.0139
2024-12-03,96002.1641,590.2877
2024-12-04,98768.5312,593.9531
2024-12-05,96593.5703,592.9756
2024-12-06,99920.7109,594.0997
2024-12-07,99923.3359,
2024-12-08,101236.0156,
2024-12-09,97432.7188,591.0404
2024-12-10,96675.4297,589.2028
2024-12-11,101173.0312,593.7577
2024-12-12,100043.0,590.6982
2024-12-13,101459.2578,590.581
2024-12-14,101372.9688,
2024-12-15,104298.6953,
2024-12-16,106029.7188,593.1027
2024-12-17,106140.6016,590.6591
2024-12-18,100041.5391,573.0555
2024-12-19,97490.9531,572.8793
2024-12-20,97755.9297,579.7603
2024-12-21,97224.7266,
2024-12-22,95104.9375,
2024-12-23,94686.2422,583.2321
2024-12-24,98676.0938,589.7148
2024-12-25,99299.1953,
2024-12-26,95795.5156,589.754
2024-12-27,94164.8594,583.5459
2024-12-28,95163.9297,
2024-12-29,93530.2266,
2024-12-30,92643.2109,576.8867
2024-12-31,93429.2031,574.7881
2025-01-01,94419.7578,
2025-01-02,96886.875,573.3757
2025-01-03,98107.4297,580.5448
2025-01-04,98236.2266,
2025-01-05,98314.9609,
2025-01-06,102078.0859,583.8892
2025-01-07,96922.7031,577.2889
2025-01-08,95043.5234,578.1323
2025-01-09,92484.0391,
2025-01-10,94701.4531,569.3056
2025-01-11,94566.5938,
2025-01-12,94488.4375,
2025-01-13,94516.5234,570.1884
2025-01-14,96534.0469,570.973
2025-01-15,100504.4922,581.3589
2025-01-16,99756.9062,580.2408
2025-01-17,104462.0391,586.0664
2025-01-18,104408.0703,
2025-01-19,101089.6094,
2025-01-20,102016.6641,
2025-01-21,106146.2656,591.431
2025-01-22,103653.0703,594.7557
2025-01-23,103960.1719,598.0019
2025-01-24,104819.4844,596.2562
2025-01-25,104714.6484,
2025-01-26,102682.5,
2025-01-27,102087.6875,587.8219
2025-01-28,101332.4766,592.8727
2025-01-29,103703.2109,590.2148
2025-01-30,104735.3047,593.3826
2025-01-31,102405.0234,590.2247
2025-02-01,100655.9062,
2025-02-02,97688.9766,
2025-02-03,101405.4219,586.2527
2025-02-04,97871.8203,590.1855
2025-02-05,96615.4453,592.5785
2025-02-06,96593.2969,594.6381
2025-02-07,96529.0859,589.195
2025-02-08,96482.4531,
2025-02-09,96500.0938,
2025-02-10,97437.5547,593.1963
2025-02-11,95747.4297,593.6474
2025-02-12,97885.8594,591.735
2025-02-13,96623.8672,597.9823
2025-02-14,97508.9688,597.9529
2025-02-15,97580.3516,
2025-02-16,96175.0312,
2025-02-17,95773.3828,
2025-02-18,95539.5469,599.7084
2025-02-19,96635.6094,601.1206
2025-02-20,98333.9375,598.6198
2025-02-21,96125.5469,588.3809
2025-02-22,96577.7578,
2025-02-23,96273.9219,
2025-02-24,91418.1719,585.7034
2025-02-25,88736.1719,582.7906
2025-02-26,84347.0234,583.0849
2025-02-27,84704.2266,573.7778
2025-02-28,84373.0078,582.7319
2025-03-01,86031.9141,
2025-03-02,94248.3516,
2025-03-03,86065.6719,572.5225
2025-03-04,87222.1953,565.7457
2025-03-05,90623.5625,571.8261
2025-03-06,89961.7266,561.6756
2025-03-07,86742.6719,564.8237
2025-03-08,86154.5938,
2025-03-09,80601.0391,
2025-03-10,78532.0,549.7792
2025-03-11,82862.2109,545.209
2025-03-12,83722.3594,548.1022
2025-03-13,81066.7031,540.7957
2025-03-14,83969.1016,551.9663
2025-03-15,84343.1094,
2025-03-16,82579.6875,
2025-03-17,84075.6875,556.2227
2025-03-18,82718.5,550.2109
2025-03-19,86854.2266,556.203
2025-03-20,84167.1953,554.5947
2025-03-21,84043.2422,554.7776
2025-03-22,83832.4844,
2025-03-23,86054.375,
2025-03-24,87498.9141,564.7128
2025-03-25,87471.7031,566.0703
2025-03-26,86900.8828,559.3124
2025-03-27,87177.1016,557.8271
2025-03-28,84353.1484,546.5933
2025-03-29,82597.5859,
2025-03-30,82334.5234,
2025-03-31,82548.9141,550.2626
2025-04-01,85169.1719,551.8168
2025-04-02,82485.7109,555.3088
2025-04-03,83102.8281,527.9427
2025-04-04,83843.8047,497.0354
2025-04-05,83504.7969,
2025-04-06,78214.4844,
2025-04-07,79235.3359,496.1501
2025-04-08,76271.9531,488.379
2025-04-09,82573.9531,539.6682
2025-04-10,79626.1406,516.0204
2025-04-11,83404.8359,525.2277
2025-04-12,85287.1094,
2025-04-13,83684.9766,
2025-04-14,84542.3906,530.3232
2025-04-15,83668.9922,528.8378
2025-04-16,84033.8672,517.0829
2025-04-17,84895.75,517.8207
2025-04-18,84450.8047,
2025-04-19,85063.4141,
2025-04-20,85174.3047,
2025-04-21,87518.9062,505.4951
2025-04-22,93441.8906,518.647
2025-04-23,93699.1094,526.6837
2025-04-24,93943.7969,537.7698
2025-04-25,94720.5,541.6553
2025-04-26,94646.9297,
2025-04-27,93754.8438,
2025-04-28,94978.75,541.8619
2025-04-29,94284.7891,545.2753
2025-04-30,94207.3125,545.4917
2025-05-01,96492.3359,549.3575
2025-05-02,96910.0703,557.5122
2025-05-03,95891.7969,
2025-05-04,94315.9766,
2025-05-05,94748.0547,554.3153
2025-05-06,96802.4766,549.6821
2025-05-07,97032.3203,551.9938
2025-05-08,103241.4609,555.84
2025-05-09,102970.8516,555.1318
2025-05-10,104696.3281,
2025-05-11,104106.3594,
2025-05-12,102812.9531,573.4775
2025-05-13,104169.8125,577.2646
2025-05-14,103539.4141,578.0025
2025-05-15,103744.6406,580.8255
2025-05-16,103489.2891,584.5046
2025-05-17,103191.0859,
2025-05-18,106446.0078,
2025-05-19,105606.1797,585.1439
2025-05-20,106791.0859,583.1766
2025-05-21,109678.0781,573.3496
2025-05-22,111673.2812,573.5759
2025-05-23,107287.7969,569.6608
2025-05-24,107791.1562,
2025-05-25,109035.3906,
2025-05-26,109440.3672,
2025-05-27,108994.6406,581.5043
2025-05-28,107802.3281,578.1401
2025-05-29,105641.7578,580.4222
2025-05-30,103998.5703,579.773
2025-05-31,104638.0938,
2025-06-01,105652.1016,
2025-06-02,105881.5312,583.0389
2025-06-03,105432.4688,586.3638
2025-06-04,104731.9844,586.2064
2025-06-05,101575.9531,583.3734
2025-06-06,104390.3438,589.364
2025-06-07,105615.625,
2025-06-08,105793.6484,
2025-06-09,110294.1016,589.8951
2025-06-10,110257.2344,593.2397
2025-06-11,108686.625,591.5477
2025-06-12,105929.0547,593.8987
2025-06-13,106090.9688,587.2589
2025-06-14,105472.4062,
2025-06-15,105552.0234,
2025-06-16,106796.7578,592.8462
2025-06-17,104601.1172,587.7802
2025-06-18,104883.3281,587.6917
2025-06-19,104684.2891,
2025-06-20,103309.6016,586.3115
2025-06-21,102257.4062,
2025-06-22,100987.1406,
2025-06-23,105577.7734,592.1027
2025-06-24,106045.6328,598.6439
2025-06-25,107361.2578,598.9793
2025-06-26,106960.0,603.6656
2025-06-27,107088.4297,606.6648
2025-06-28,107327.7031,
2025-06-29,108385.5703,
2025-06-30,107135.3359,609.5654
2025-07-01,105698.2812,609.3681
2025-07-02,108859.3203,612.1306
2025-07-03,109647.9766,616.955
2025-07-04,108034.3359,
2025-07-05,108231.1797,
2025-07-06,109232.0703,
2025-07-07,108299.8516,612.3574
2025-07-08,108950.2734,612.022
2025-07-09,111326.5547,615.6921
2025-07-10,115987.2031,617.4285
2025-07-11,117516.9922,615.2581
2025-07-12,117435.2266,
2025-07-13,119116.1172,
2025-07-14,119849.7031,616.4321
2025-07-15,117777.1875,613.7979
2025-07-16,118738.5078,615.85
2025-07-17,119289.8438,619.6187
2025-07-18,118003.2266,619.1649
2025-07-19,117939.9766,
2025-07-20,117300.7891,
2025-07-21,117439.5391,620.339
2025-07-22,119995.4141,620.4278
2025-07-23,118754.9609,625.706
2025-07-24,118368.0,625.9133
2025-07-25,117635.8828,628.5573
2025-07-26,117947.3672,
2025-07-27,119448.4922,
2025-07-28,117924.4766,628.3994
2025-07-29,117922.1484,626.742
2025-07-30,117831.1875,625.9527
2025-07-31,115758.2031,623.6046
2025-08-01,113320.0859,613.3834
2025-08-02,112526.9141,
2025-08-03,114217.6719,
2025-08-04,115071.8828,622.7067
2025-08-05,114141.4453,619.5497
2025-08-06,115028.0,624.2952
2025-08-07,117496.8984,623.7723
2025-08-08,116688.7266,628.6362
2025-08-09,116500.3594,
2025-08-10,119306.7578,
2025-08-11,118731.4453,627.3931
2025-08-12,120172.9062,634.0723
2025-08-13,123344.0625,636.2428
2025-08-14,118359.5781,636.302
2025-08-15,117398.3516,634.8123
2025-08-16,117491.3516,
2025-08-17,117453.0625,
2025-08-18,116252.3125,634.6742
2025-08-19,112831.1797,631.231
2025-08-20,114274.7422,629.5538
2025-08-21,112419.0312,627.0281
2025-08-22,116874.0859,636.6572
2025-08-23,115374.3281,
2025-08-24,113458.4297,
2025-08-25,110124.3516,633.8553
2025-08-26,111802.6562,636.5092
2025-08-27,111222.0625,637.9595
2025-08-28,112544.8047,640.2188
2025-08-29,108410.8359,636.4006
2025-08-30,108808.0703,
2025-08-31,108236.7109,
2025-09-01,109250.5938,
2025-09-02,111200.5859,631.6848
2025-09-03,111723.2109,635.1082
2025-09-04,110723.6016,640.4162
2025-09-05,110650.9844,638.5613
2025-09-06,110224.6953,
2025-09-07,111167.6172,
2025-09-08,112071.4297,640.13
2025-09-09,111530.5469,641.6099
2025-09-10,113955.3594,643.4647
2025-09-11,115507.5391,648.812
2025-09-12,116101.5781,648.5949
2025-09-13,115950.5078,
2025-09-14,115407.6562,
2025-09-15,115444.875,652.048
2025-09-16,116843.1875,651.1501
2025-09-17,116468.5078,650.3412
2025-09-18,117137.2031,653.3799
2025-09-19,115688.8594,656.616
2025-09-20,115721.9609,
2025-09-21,115306.0938,
2025-09-22,112748.5078,659.7225
2025-09-23,112014.5,656.1313
2025-09-24,113328.6328,654.0437
2025-09-25,109049.2891,651.0263
2025-09-26,109712.8281,654.7561
2025-09-27,109681.9453,
2025-09-28,112122.6406,
2025-09-29,114400.3828,656.5963
2025-09-30,114056.0859,659.0695
2025-10-01,118648.9297,661.3154
2025-10-02,120681.2578,662.077
2025-10-03,122266.5312,662.0672
2025-10-04,122425.4297,
2025-10-05,123513.4766,
2025-10-06,124752.5312,664.4416
2025-10-07,121451.3828,661.9781
2025-10-08,123354.8672,665.9255
2025-10-09,121705.5859,663.9964
2025-10-10,113214.3672,646.05
2025-10-11,110807.8828,
2025-10-12,115169.7656,
2025-10-13,115271.0781,655.963
2025-10-14,113118.6641,655.1617
2025-10-15,110783.1641,658.0703
2025-10-16,108186.0391,653.5887
2025-10-17,106467.7891,657.2986
2025-10-18,107198.2656,
2025-10-19,108666.7109,
2025-10-20,110588.9297,664.1348
2025-10-21,108476.8906,664.1249
2025-10-22,107688.5859,660.6722
2025-10-23,110069.7266,664.59
2025-10-24,111033.9219,670.0214
2025-10-25,111641.7266,
2025-10-26,114472.4453,
2025-10-27,114119.3281,677.926
2025-10-28,112956.1641,679.7267
2025-10-29,110055.3047,680.0531
2025-10-30,108305.5469,672.5739
2025-10-31,109556.1641,674.78
2025-11-01,110064.0156,
2025-11-02,110639.625,
2025-11-03,106547.5234,676.0464
2025-11-04,101590.5234,668.0328
2025-11-05,103891.8359,670.3478
2025-11-06,101301.2891,663.1554
2025-11-07,103372.4062,663.8084
2025-11-08,102282.1172,
2025-11-09,104719.6406,
2025-11-10,105996.5938,674.1666
2025-11-11,102997.4688,675.71
2025-11-12,101663.1875,676.0859
2025-11-13,99697.4922,664.8669
2025-11-14,94397.7891,664.7582
2025-11-15,95549.1484,
2025-11-16,94177.0781,
2025-11-17,92093.875,658.565
2025-11-18,92948.875,653.0347
2025-11-19,91465.9922,655.5574
2025-11-20,86631.8984,645.5652
2025-11-21,85090.6875,651.9959
2025-11-22,84648.3594,
2025-11-23,86805.0078,
2025-11-24,88270.5625,661.5923
2025-11-25,87341.8906,667.8152
2025-11-26,90518.3672,672.4254
2025-11-27,91285.375,
2025-11-28,90919.2656,676.0958
2025-11-29,90851.7578,
2025-11-30,90394.3125,
2025-12-01,86321.5703,673.0091
2025-12-02,91350.2031,674.2557
2025-12-03,93527.8047,676.5905
2025-12-04,92141.625,677.0852
2025-12-05,89387.7578,678.3712
2025-12-06,89272.375,
2025-12-07,90405.6406,
2025-12-08,90640.2031,676.3333
2025-12-09,92691.7109,675.7495
2025-12-10,92020.9453,680.2313
2025-12-11,92511.3359,681.8141
2025-12-12,90270.4141,674.4832
2025-12-13,90298.7109,
2025-12-14,88175.1797,
2025-12-15,86419.7812,673.4642
2025-12-16,87843.9844,671.6241
2025-12-17,86143.7578,664.2338
2025-12-18,85462.5078,669.2496
2025-12-19,88103.3828,675.3154
2025-12-20,88344.0,
2025-12-21,88621.75,
2025-12-22,88490.0156,679.5225
2025-12-23,87414.0,682.6282
2025-12-24,87611.9609,685.0295
2025-12-25,87234.7422,
2025-12-26,87301.4297,684.96
2025-12-27,87802.1562,
2025-12-28,87835.8359,
2025-12-29,87138.1406,682.519
2025-12-30,88430.1328,681.6855
2025-12-31,87508.8281,676.635
2026-01-01,88731.9844,
2026-01-02,89944.6953,677.8753
2026-01-03,90603.1875,
2026-01-04,91413.4922,
2026-01-05,93882.5547,682.3901
2026-01-06,93729.0312,686.4484
2026-01-07,91308.0547,684.2357
2026-01-08,91027.125,684.1662
2026-01-09,90513.1016,688.6909
2026-01-10,90386.6484,
2026-01-11,90827.4609,
2026-01-12,91192.9922,689.7724
2026-01-13,95321.7812,688.3932
2026-01-14,96929.3281,685.0095
2026-01-15,95551.1875,686.875
2026-01-16,95525.1172,686.2996
2026-01-17,95099.9219,
2026-01-18,93634.4297,
2026-01-19,92553.5938,
2026-01-20,88310.9062,672.3287
2026-01-21,89376.9609,680.0881
2026-01-22,89462.4531,683.6403
2026-01-23,89503.875,683.8883
2026-01-24,89110.7344,
2026-01-25,86572.2188,
2026-01-26,88267.1406,687.3612
2026-01-27,89102.5703,690.0999
2026-01-28,89184.5703,690.0304
2026-01-29,84561.5859,688.6611
2026-01-30,84128.6562,686.6071
2026-01-31,78621.1172,
2026-02-01,76974.4453,
2026-02-02,78688.7656,690.0204
2026-02-03,75633.5469,684.186
2026-02-04,73019.7031,680.8719
2026-02-05,62702.0977,672.3683
2026-02-06,70555.3906,685.2676
2026-02-07,69281.9688,
2026-02-08,70264.7266,
2026-02-09,70120.7812,688.5718
2026-02-10,68793.9609,686.756
2026-02-11,66991.9688,686.5972
2026-02-12,66221.8438,675.9901
2026-02-13,68857.8438,676.4664
2026-02-14,69767.625,
2026-02-15,68788.1875,
2026-02-16,68843.1562,
2026-02-17,67494.2188,677.5578
2026-02-18,66425.3203,680.9711
2026-02-19,66957.5234,679.1751
2026-02-20,68005.4219,684.0868
2026-02-21,68003.7656,
2026-02-22,67659.3906,
2026-02-23,64616.7383,677.1014
2026-02-24,64080.043,682.0229
2026-02-25,67960.125,687.778
2026-02-26,67453.7734,683.9578
2026-02-27,65881.7969,680.6735
2026-02-28,66995.8594,
2026-03-01,65738.1016,
2026-03-02,68775.8516,681.0605
2026-03-03,68293.6484,675.0574
2026-03-04,72710.5781,679.8202
2026-03-05,70841.125,676.0297
2026-03-06,68136.4922,667.169
2026-03-07,67272.5938,
2026-03-08,65969.7812,
2026-03-09,68402.3828,673.0133
2026-03-10,69926.9219,671.9317
2026-03-11,70204.8828,671.0884
2026-03-12,70493.4609,660.8979
2026-03-13,70968.2656,657.1572
2026-03-14,71214.625,
2026-03-15,72789.9141,
2026-03-16,74861.0859,663.8449
2026-03-17,73922.4766,665.5912
2026-03-18,71245.5781,656.3038
2026-03-19,69912.7891,654.6865
2026-03-20,70522.5859,645.301
2026-03-21,68711.5234,
2026-03-22,67845.2109,
2026-03-23,70914.8594,652.0767
2026-03-24,70517.8594,649.8878
2026-03-25,71309.8828,653.5095
2026-03-26,68791.625,641.8386
2026-03-27,66338.375,630.894
2026-03-28,66319.6953,
2026-03-29,65954.9219,
2026-03-30,66691.4453,628.7847
2026-03-31,68233.3125,647.0621
2026-04-01,68078.5547,651.9374
2026-04-02,66888.5703,652.5245
2026-04-03,66931.1016,
2026-04-04,67290.5156,
2026-04-05,68981.8984,
2026-04-06,68859.8281,655.6088
2026-04-07,71940.7031,655.8973
2026-04-08,71123.3594,672.6027
2026-04-09,71767.8281,676.483
2026-04-10,72979.0469,676.0353
2026-04-11,73054.2734,
2026-04-12,70753.4062,
2026-04-13,74484.6406,682.6418
2026-04-14,74181.6094,690.9597
2026-04-15,74805.0781,696.4121
2026-04-16,75152.1328,698.1234
2026-04-17,77126.875,706.5607
2026-04-18,75726.2109,
2026-04-19,73856.3516,
2026-04-20,75872.5234,705.1478
2026-04-21,76352.7734,700.5312
2026-04-22,78203.1016,707.6253
2026-04-23,78268.9531,704.8792
2026-04-24,77455.3125,710.3415
2026-04-25,77612.0156,
2026-04-26,78657.5391,
2026-04-27,77366.625,711.5654
2026-04-28,76350.6719,708.1029
2026-04-29,75776.1328,707.9934
2026-04-30,76304.3203,715.0377
2026-05-01,78179.0,717.0177
2026-05-02,78657.25,
2026-05-03,78538.2266,
2026-05-04,79827.9062,714.391
2026-05-05,80927.0547,720.122
2026-05-06,81427.5312,730.1313
2026-05-07,80009.9922,727.8926
2026-05-08,80186.7656,733.9022
2026-05-09,80664.3672,
2026-05-10,82138.9297,
2026-05-11,81728.2969,735.5737
2026-05-12,80477.4922,734.4594
2026-05-13,79277.1172,738.5685
2026-05-14,81051.25,744.399
2026-05-15,79065.6797,735.4444
2026-05-16,78131.4375,
2026-05-17,77429.3516,
2026-05-18,76954.1719,734.927
2026-05-19,76750.9062,730.0317
2026-05-20,77457.7734,737.5139
2026-05-21,77539.1719,738.9764
2026-05-22,75488.2422,741.8818
2026-05-23,76673.3672,
2026-05-24,76981.125,
2026-05-25,77279.9297,
2026-05-26,75825.7344,746.8068
2026-05-27,74344.7031,746.6774
2026-05-28,73536.5547,750.7966
2026-05-29,73372.5234,752.6671
2026-05-30,73754.8359,
2026-05-31,73579.6875,
2026-06-01,71319.7734,754.7167
2026-06-02,66703.6562,755.7416
2026-06-03,64014.3672,750.4384
2026-06-04,63801.5742,753.274
2026-06-05,60922.668,733.8325
2026-06-06,60867.4141,
2026-06-07,63239.5195,
2026-06-08,63090.5898,735.4941
2026-06-09,61643.7812,733.3351
2026-06-10,61449.2891,721.7736
2026-06-11,63561.0547,734.0415
2026-06-12,63543.1992,738.0114
2026-06-13,64421.3242,
2026-06-14,65710.3984,
2026-06-15,66289.5,751.0255
2026-06-16,65600.6406,746.5482
2026-06-17,64418.4453,737.2253
2026-06-18,62896.4727,744.8903
2026-06-19,63540.8359,
2026-06-20,64239.6758,
2026-06-21,63237.5391,
2026-06-22,63952.1055,742.5461
2026-06-23,62668.0195,731.7629
2026-06-24,60995.1328,731.4237
2026-06-25,59721.6758,732.4811
2026-06-26,60016.4297,727.1843
2026-06-27,59940.0977,
2026-06-28,59532.3398,
2026-06-29,60138.3789,739.1645
2026-06-30,58558.8594,744.9202
2026-07-01,60003.7578,743.9127
2026-07-02,61485.3008,742.9352
2026-07-03,62544.1992,
2026-07-04,63088.3047,
2026-07-05,63547.8828,
2026-07-06,63995.0156,749.4191
2026-07-07,63297.3945,745.8579
2026-07-08,62257.5742,743.5536
2026-07-09,63193.1484,749.848
2026-07-10,64127.1406,753.08
2026-07-11,63802.0273,
2026-07-12,63758.2188,
2026-07-13,62239.1211,747.3143
2026-07-14,64956.1133,749.9677
2026-07-15,64712.375,752.9403
2026-07-16,63789.2812,748.8604
2026-07-17,63899.4609,741.4488
2026-07-18,64796.6016,
2026-07-19,64690.8047,
2026-07-20,65230.0273,740.2518
2026-07-21,66505.125,746.4265
2026-07-22,66100.7969,745.5586
2026-07-23,65044.8125,736.3515
2026-07-24,64098.4961,737.0996
2026-07-25,64311.8125,
2026-07-26,65340.3008,
2026-07-27,63724.8984,737.2593
2026-07-28,63871.3633,739.0248
2026-07-29,63908.168,727.6531
2026-07-30,64725.3086,739.8528
2026-07-31,62813.7461,745.1796
2026-08-01,62763.3203,
2026-08-02,63482.0,
2026-08-03,63460.8984,755.7932
2026-08-04,64055.9531,769.4194
2026-08-05,64597.5,767.8832
2026-08-06,64262.1133,766.6562
2026-08-07,64880.1914,771.3446
2026-08-08,64904.6875,
2026-08-09,64844.8867,
2026-08-10,63910.5859,771.1152
2026-08-11,63551.875,768.6513
2026-08-12,63402.4336,770.5765
2026-08-13,63402.1719,775.9532
2026-08-14,62975.5938,774.417
2026-08-15,63024.3203,
2026-08-16,62818.6523,
2026-08-17,64506.2539,770.756
2026-08-18,64680.7109,765.549
2026-08-19,69266.1875,767.155
2026-08-20,73032.7578,760.711
2026-08-21,78335.1875,763.8232
2026-08-22,77083.4141,
2026-08-23,77755.2656,
2026-08-24,78964.4844,761.5788
2026-08-25,78564.9766,764.0128
2026-08-26,79027.4219,764.1824
2026-08-27,80257.5391,769.1899
2026-08-28,77830.2891,767.4443
2026-08-29,78245.8125,
2026-08-30,77667.5703,
2026-08-31,78548.6328,765.15
2026-09-01,77403.625,759.8931
2026-09-02,77300.4766,763.2646
2026-09-03,81271.7422,771.2548
2026-09-04,79671.9688,768.2822
2026-09-05,79823.8672,
2026-09-06,80350.0469,
2026-09-07,79115.8516,
2026-09-08,78438.5781,764.0627
2026-09-09,78259.5234,760.5115
2026-09-10,76568.125,755.9528
2026-09-11,77173.7969,762.3968
2026-09-12,77270.4688,
2026-09-13,76838.1562,
2026-09-14,78163.3828,758.9952
2026-09-15,75612.5078,755.5139
2026-09-16,76150.3203,752.1822
2026-09-17,76403.7734,760.711
2026-09-18,80901.4609,761.69
